Company Name,Year,Actual Earnings Direction,Predicted Earnings Direction,Magnitude,Confidence Score,Summary of Rationale,Correct,TP,FP,TN,FN,Cumulative Accuracy,Cumulative Precision,Cumulative Recall,Cumulative F1-Score
JSL,2015,decrease,increase,moderate,0.75,"The company has shown consistent growth in net income from 2010 to 2014, alongside a significant increase in gross income and EBIT. Despite rising costs and operating expenses, the growth in net sales and effective management of non-operating income and taxes suggest an improving operational efficiency. The balance sheet shows a strong increase in assets, particularly in current and noncurrent assets, which supports potential future revenue growth. The consistent increase in equity and controlled growth in liabilities and long-term loans also indicates a stable financial structure supporting potential earnings growth.",False,0,1,0,0,0.0,0.0,,
JSL,2016,increase,decrease,moderate,0.75,"Analyzing the financial statements from 2011 to 2015, there is a noticeable increase in operating expenses and costs, which have grown at a faster rate than net sales. Despite the increase in gross income and EBIT, the net income has not shown proportional growth and has actually decreased in 2015 compared to 2014. The balance sheet shows a significant increase in liabilities, particularly long-term loans, which could lead to higher interest expenses. The company's increasing debt and slower growth in net income suggest a potential decrease in earnings for 2016.",False,0,0,0,1,0.0,0.0,0.0,
JSL,2017,decrease,decrease,moderate,0.75,"Analyzing the financial trends from 2012 to 2016, there is a notable increase in operating expenses and non-operating losses, alongside a significant rise in liabilities and loans, which have outpaced the growth in net sales and assets. Despite the increase in gross income, the net income has shown a volatile pattern, turning negative in 2016. The increasing debt and financial leverage, coupled with declining net income, suggest a moderate decrease in earnings for 2017 unless significant operational changes are implemented.",True,0,0,1,0,0.3333333333333333,0.0,0.0,
JSL,2018,decrease,decrease,moderate,0.7,"Analyzing the financial statements from 2013 to 2017, there is a notable increase in operating expenses and non-operating losses, despite growth in net sales and gross income. The company's net income has been volatile and generally decreasing, with a significant loss in 2016. The balance sheet shows increasing liabilities and loans, which could strain future earnings due to higher interest and repayment obligations. Although assets and equity have grown, the pace of liabilities growth and operational challenges suggest potential for decreased earnings in 2018.",True,0,0,1,0,0.5,0.0,0.0,
JSL,2019,decrease,increase,moderate,0.7,"Analyzing the financial trends from 2014 to 2018, there is a notable increase in net sales and gross income, suggesting improved operational efficiency. Despite higher operating expenses and costs, EBIT and net income have shown growth, particularly a significant rise in 2018. The balance sheet shows a substantial increase in assets and a stable increase in equity, indicating strong financial health. The company has managed to increase its cash reserves and reduce the proportion of suppliers' credit relative to its assets, which may reduce financial strain and support profitability. These factors collectively suggest a moderate increase in earnings for 2019.",False,0,1,0,0,0.4,0.0,0.0,
JSL,2020,increase,increase,moderate,0.75,"Analyzing the trends from 2015 to 2019, there is a consistent increase in net income, gross income, and EBIT, despite fluctuations in net sales and operating expenses. The company has managed to reduce its operating expenses relative to sales over the years and has increased its assets significantly, indicating potential for further revenue growth and operational efficiency. The increase in equity and reduction in the proportion of non-controlling interests suggest better control over profits. Given these positive trends, earnings are likely to increase in 2020.",True,1,0,0,0,0.5,0.3333333333333333,0.5,0.4
JSL,2021,decrease,increase,moderate,0.75,"Analyzing the trends from 2016 to 2020, there is a noticeable recovery in net income from a loss in 2016 to a profit in 2020, despite a significant drop in net sales in 2020. The company has managed to reduce operating expenses and non-operating losses over the years while maintaining a steady increase in EBIT. The balance sheet shows a strong increase in current assets and a reduction in liabilities in 2020, suggesting improved liquidity and financial health. These factors indicate a potential for moderate earnings growth in 2021, assuming continued effective cost management and stable sales performance.",False,0,1,0,0,0.42857142857142855,0.25,0.5,0.3333333333333333
JSL,2022,decrease,increase,moderate,0.75,"Analyzing the trends from 2017 to 2021, there is a general increase in net income, particularly a significant rise from 2020 to 2021. The company's ability to manage operating expenses and non-operating income has improved, as seen in the reduced negative impact of non-operating income and a more efficient control over operating expenses relative to net sales. The balance sheet shows a stable increase in equity, suggesting a strengthening financial position. Despite fluctuations, the company's strategic management of assets and liabilities supports a prediction of continued earnings growth into the next year.",False,0,1,0,0,0.375,0.2,0.5,0.28571428571428575
JSL,2023,decrease,decrease,moderate,0.75,"Analyzing the financial trends from 2018 to 2022, there is a notable fluctuation in net income, with a peak in 2021 followed by a decrease in 2022. The company's operating expenses and non-operating income have been volatile but generally show a trend of increasing costs and decreasing other income, which could pressure earnings. The balance sheet shows increasing total assets and equity, suggesting some resilience, but the rising current liabilities and long-term loans indicate potential financial strain. Given these mixed signals, a moderate decrease in earnings is predicted with a moderate level of confidence.",True,0,0,1,0,0.4444444444444444,0.2,0.5,0.28571428571428575
