Company Name,Year,Actual Earnings Direction,Predicted Earnings Direction,Magnitude,Confidence Score,Summary of Rationale
Magazine Luiza,2015,increase,increase,moderate,0.75,"Analyzing the financial statements from 2010 to 2014, there is a consistent increase in net sales and gross income, indicating robust revenue growth. Despite fluctuations, net income has shown improvement, particularly from 2012 to 2014. The company's assets have grown, and while liabilities have also increased, the equity position has strengthened. The company's ability to generate higher EBIT and manage operating expenses more efficiently suggests an upward trend in profitability. Given these factors, earnings are likely to increase in 2015."
Magazine Luiza,2016,decrease,increase,moderate,0.75,"Analyzing the financial trends from 2011 to 2015, there is a noticeable improvement in net income from a loss in 2011 and 2012 to gains in subsequent years, with a significant increase in 2013 and 2014. Despite a drop in 2015, the overall upward trend in EBIT and gross income suggests strengthening operational efficiency. The balance sheet shows a growing cash position and a stable increase in assets, indicating solid financial health. The liabilities and loans are increasing but are proportionate to the assets, maintaining a healthy balance. These factors collectively suggest a potential for earnings to increase in 2016."
Magazine Luiza,2017,decrease,increase,moderate,0.75,"Analyzing the financial trends from 2012 to 2016, there is a general increase in net income, gross income, and EBIT, despite fluctuations. The company's assets and equity have also grown, indicating a strengthening financial position. The increase in current assets, particularly cash, and a controlled rise in liabilities suggest improved liquidity and financial health. The consistent growth in net sales and operational efficiencies (reduced operating expenses as a percentage of net sales) further support the prediction of increased earnings. However, the presence of some volatility in past earnings and external economic factors moderate the confidence in the prediction."
Magazine Luiza,2018,decrease,increase,moderate,0.75,"Analyzing the financial trends from 2013 to 2017, there is a notable increase in net income, particularly a sharp rise from 2016 to 2017. Gross income has consistently increased, suggesting improved operational efficiency. The company's assets have grown significantly, indicating potential for further revenue growth. Despite increased liabilities, the substantial rise in equity in 2017 suggests stronger financial health. The consistent increase in receivables and inventories may indicate higher sales potential, supporting the prediction of increased earnings in 2018."
Magazine Luiza,2019,decrease,increase,moderate,0.75,"The company has shown a consistent increase in net income from 2016 to 2018, growing from 86,565,000 to 597,429,000. This growth aligns with increases in gross income and EBIT over the same period. Additionally, the company's assets and equity have also increased, indicating improved financial health and capacity for further growth. Operating expenses and costs have risen, but the growth in gross income has outpaced these increases, suggesting efficiency improvements. The consistent growth in net sales and controlled growth in liabilities further support the prediction of increased earnings."
Magazine Luiza,2020,decrease,increase,large,0.85,"The company has shown consistent growth in net income from 2015 to 2019, with significant increases in gross income and EBIT. Assets have more than tripled, and equity has also seen substantial growth. Despite increases in liabilities, the company's strong revenue growth and improving operational efficiency suggest continued positive earnings trajectory."
Magazine Luiza,2021,increase,increase,moderate,0.75,"Analyzing the trends from 2016 to 2020, there is a consistent increase in net sales and gross income, indicating robust revenue growth. Despite fluctuations, net income shows an overall upward trend. The company's ability to manage operating expenses and non-operating income has improved, as evidenced by a higher EBIT in 2020 compared to previous years. The balance sheet shows a significant increase in assets and a stable equity growth, suggesting improved financial health and potential for reinvestment. These factors collectively suggest a moderate increase in earnings for 2021, with a confidence score of 0.75 due to potential market volatility and external economic factors."
Magazine Luiza,2022,increase,decrease,moderate,0.7,"The company's net income has shown fluctuations but generally increased from 2017 to 2019, followed by a sharp decline in 2020 and a slight increase in 2021. However, the increasing trend in operating expenses, coupled with a significant rise in liabilities and long-term loans, suggests potential financial strain. Despite growth in gross income and net sales, the substantial increase in costs and liabilities may outweigh the benefits, leading to a moderate decrease in earnings for 2022."
Magazine Luiza,2023,increase,decrease,moderate,0.7,"Analyzing the financial statements from 2018 to 2022, there is a notable increase in net sales but a consistent increase in operating expenses and costs, which outpaces revenue growth. The net income shows a significant drop in 2022, turning negative. This trend, coupled with increasing liabilities and a high level of long-term loans, suggests that the company might face financial strain affecting its profitability in 2023. The balance sheet shows growth in assets, but this is accompanied by a proportional increase in liabilities, indicating potential liquidity issues. The negative net income in 2022, despite higher sales, points towards inefficiencies or increased costs that could continue to impact earnings negatively."
